﻿designator,quantity,value,pack,mpn,mount_type
C1,1,1.1n,C_0603_1608Metric_Pad1.08x0.95mm_HandSolder,,smt
"J1, J2",2,Conn_01x12,PinSocket_1x12_P2.54mm_Vertical,,tht
J10,1,Conn_01x08,PinSocket_1x08_P2.54mm_Vertical,,tht
J11,1,Conn_01x05,PinSocket_1x05_P2.54mm_Vertical,,tht
"J12, J13, J14, J8",4,Conn_01x02,PinHeader_1x02_P2.54mm_Vertical,,tht
"J15, J9",2,Conn_01x03,PinHeader_1x03_P2.54mm_Vertical,,tht
"J3, J4",2,Conn_01x15,PinSocket_1x15_P2.54mm_Vertical,,tht
J5,1,Conn_01x04,PinSocket_1x04_P2.54mm_Vertical,,tht
J6,1,Conn_01x06,PinSocket_1x06_P2.54mm_Vertical,,tht
J7,1,Conn_01x06,PinHeader_1x06_P2.54mm_Vertical,,tht
R1,1,47k,R_0603_1608Metric_Pad0.98x0.95mm_HandSolder,,smt
R2,1,10k,R_0603_1608Metric_Pad0.98x0.95mm_HandSolder,,smt
R3,1,"4,7k",R_0603_1608Metric_Pad0.98x0.95mm_HandSolder,,smt
