﻿pos_x,pos_y,rotation,side,designator,mpn,pack,value,mount_type,place
111.76,44.0425,90.0,top,C1,,C_0603_1608Metric_Pad1.08x0.95mm_HandSolder,1.1n,smt,True
99.06,30.48,0.0,top,J1,,PinSocket_1x12_P2.54mm_Vertical,Conn_01x12,tht,True
76.2,12.7,180.0,top,J10,,PinSocket_1x08_P2.54mm_Vertical,Conn_01x08,tht,True
52.14,22.86,0.0,top,J11,,PinSocket_1x05_P2.54mm_Vertical,Conn_01x05,tht,True
53.34,40.64,90.0,top,J12,,PinHeader_1x02_P2.54mm_Vertical,Conn_01x02,tht,True
63.5,40.64,-90.0,top,J13,,PinHeader_1x02_P2.54mm_Vertical,Conn_01x02,tht,True
73.66,40.64,-90.0,top,J14,,PinHeader_1x02_P2.54mm_Vertical,Conn_01x02,tht,True
53.34,-10.16,0.0,top,J15,,PinHeader_1x03_P2.54mm_Vertical,Conn_01x03,tht,True
83.82,30.48,0.0,top,J2,,PinSocket_1x12_P2.54mm_Vertical,Conn_01x12,tht,True
111.76,38.1,0.0,top,J3,,PinSocket_1x15_P2.54mm_Vertical,Conn_01x15,tht,True
91.44,38.1,0.0,top,J4,,PinSocket_1x15_P2.54mm_Vertical,Conn_01x15,tht,True
101.6,-7.62,0.0,top,J5,,PinSocket_1x04_P2.54mm_Vertical,Conn_01x04,tht,True
81.28,-5.08,0.0,top,J6,,PinSocket_1x06_P2.54mm_Vertical,Conn_01x06,tht,True
73.66,-5.08,0.0,top,J7,,PinHeader_1x06_P2.54mm_Vertical,Conn_01x06,tht,True
111.76,-12.7,0.0,top,J8,,PinHeader_1x02_P2.54mm_Vertical,Conn_01x02,tht,True
60.96,-9.2475,0.0,top,J9,,PinHeader_1x03_P2.54mm_Vertical,Conn_01x03,tht,True
116.84,44.0925,90.0,top,R1,,R_0603_1608Metric_Pad0.98x0.95mm_HandSolder,47k,smt,True
106.68,44.8075,90.0,top,R2,,R_0603_1608Metric_Pad0.98x0.95mm_HandSolder,10k,smt,True
62.07,-19.4075,90.0,top,R3,,R_0603_1608Metric_Pad0.98x0.95mm_HandSolder,"4,7k",smt,True
